[
  {
    "cmd": "test",
    "respon": "Online bang ✅"
  },
  {
    "cmd": "kontol",
    "respon": "astaghfirullah"
  },
  {
    "cmd": ".brat",
    "respon": "maap fitur ini khusus premium"
  },
  {
    "cmd": "panel",
    "respon": "*#- Ready Panel Private & Public*\n\n*- Panel Public 1Gb - Unli* \n*- Panel Private 1Gb - Unli*\n*- Reseller Panel 5k*\n*- Admin Panel 10k*\n*- Partner Panel 15k*\n*- Owner Panel 25k*\n*[ ! ] Only Bulanan, permanen? +5k aja*\n> *Nego? Bolehh Asal 🧠🧠*\n\n*>> Produk Lainnya? <<*\n*» Aplikasi Premium, YouTube, Spotify,Dll*\n*» Script Bot Tele/WhatsApp*\n*» Script Bug Starevxz*\n*» Sewa Bot WhatsApp, pushkontak, group, bug*\n*» Domain my.id web.id biz.id : 10k*\n*» Apitoken & Zone Domain*\n*» Jasa Rename Script*\n*» Jasa Suntik Sosmed*\n*» Jasa Install Panel*\n*» Jasa Install Thema*\n*» Jasa Bug*\n*» Murid Unband*\n*» Murid Banned*\n*» Murid Nokos*\n*» Murid Suntik*\n*Dll Tanyakan saja*\n> Produk Lainnya Tanyakan Saja 90% Ada\n\n\n*☎️ Contact Kenz - OfficiaL*\n*🪀 WhatsApp :* +6285183671661\n*🎮 Telegram :* @KenzyXD\n*🀄 Web Store :*payment-kenzyxd.vercel.app\n▬▭▬▭▬▭▬▭▬▭▬▭▬\n*🎴 Testimoni :*\n *- whatsapp.com/channel/0029Vb6M1WF1t90UFHjmpH35*\n*🌀 Group Bebas Promosi :*\n*- chat.whatsapp.com/BXmhQMqAxY1AJqD5nQwfoJ*\n> © KenzyXD - Official"
  }
]