[
   {
      "id": "120363328582118606@newsletter",
      "saldo": 17
   },
   {
      "id": "6285134031285@s.whatsapp.net",
      "saldo": 614
   },
   {
      "id": "6288706060787@s.whatsapp.net",
      "saldo": 2764
   },
   {
      "id": "6289643255472@s.whatsapp.net",
      "saldo": 12
   },
   {
      "id": "6289635798601@s.whatsapp.net",
      "saldo": 1
   },
   {
      "id": "6287821239407@s.whatsapp.net",
      "saldo": 27
   },
   {
      "id": "6285817114808@s.whatsapp.net",
      "saldo": 28
   },
   {
      "id": "6283897578202@s.whatsapp.net",
      "saldo": 4
   },
   {
      "id": "6281377796883@s.whatsapp.net",
      "saldo": 19
   },
   {
      "id": "6283866043444@s.whatsapp.net",
      "saldo": 173
   },
   {
      "id": "6285137749289@s.whatsapp.net",
      "saldo": 3
   },
   {
      "id": "62881025122394@s.whatsapp.net",
      "saldo": 11
   },
   {
      "id": "6283830529381@s.whatsapp.net",
      "saldo": 29
   },
   {
      "id": "6283125873309@s.whatsapp.net",
      "saldo": 4
   },
   {
      "id": "6285154971396@s.whatsapp.net",
      "saldo": 115
   },
   {
      "id": "6285727264161@s.whatsapp.net",
      "saldo": 21
   },
   {
      "id": "62895370028701@s.whatsapp.net",
      "saldo": 12
   },
   {
      "id": "6283893531074@s.whatsapp.net",
      "saldo": 4
   },
   {
      "id": "6283128823984@s.whatsapp.net",
      "saldo": 5
   },
   {
      "id": "120363334581892653@newsletter",
      "saldo": 19
   },
   {
      "id": "62882019296595@s.whatsapp.net",
      "saldo": 24
   },
   {
      "id": "6288804229322@s.whatsapp.net",
      "saldo": 5
   },
   {
      "id": "120363312516066864@newsletter",
      "saldo": 27
   },
   {
      "id": "6282269162245@s.whatsapp.net",
      "saldo": 5
   },
   {
      "id": "6285729433285@s.whatsapp.net",
      "saldo": 2
   },
   {
      "id": "6283897377936@s.whatsapp.net",
      "saldo": 63
   },
   {
      "id": "6287757276767@s.whatsapp.net",
      "saldo": 27
   },
   {
      "id": "6289676928757@s.whatsapp.net",
      "saldo": 1
   },
   {
      "id": "6289506368777@s.whatsapp.net",
      "saldo": 44
   },
   {
      "id": "6283196481579@s.whatsapp.net",
      "saldo": 3
   },
   {
      "id": "6283169640908@s.whatsapp.net",
      "saldo": 2
   },
   {
      "id": "6285819745040@s.whatsapp.net",
      "saldo": 4
   },
   {
      "id": "6282258265051@s.whatsapp.net",
      "saldo": 52
   },
   {
      "id": "6283863831145@s.whatsapp.net",
      "saldo": 16
   },
   {
      "id": "62881012043241@s.whatsapp.net",
      "saldo": 31
   },
   {
      "id": "6287728836801@s.whatsapp.net",
      "saldo": 82
   },
   {
      "id": "6288271221036@s.whatsapp.net",
      "saldo": 207
   },
   {
      "id": "6285780532816@s.whatsapp.net",
      "saldo": 1
   },
   {
      "id": "120363372192952366@newsletter",
      "saldo": 16
   },
   {
      "id": "6281399515836@s.whatsapp.net",
      "saldo": 7
   },
   {
      "id": "6281946252038@s.whatsapp.net",
      "saldo": 1
   },
   {
      "id": "6285809965701@s.whatsapp.net",
      "saldo": 1
   },
   {
      "id": "6287721401837@s.whatsapp.net",
      "saldo": 3
   },
   {
      "id": "6289665934949@s.whatsapp.net",
      "saldo": 67
   },
   {
      "id": "6281390817531@s.whatsapp.net",
      "saldo": 9
   },
   {
      "id": "120363257033988496@newsletter",
      "saldo": 4
   },
   {
      "id": "6285659423502@s.whatsapp.net",
      "saldo": 5
   },
   {
      "id": "6283160910704@s.whatsapp.net",
      "saldo": 15
   },
   {
      "id": "628388898780@s.whatsapp.net",
      "saldo": 1
   },
   {
      "id": "6281392086121@s.whatsapp.net",
      "saldo": 15
   },
   {
      "id": "6285864743922@s.whatsapp.net",
      "saldo": 6
   },
   {
      "id": "6283898133154@s.whatsapp.net",
      "saldo": 5
   },
   {
      "id": "6283133138870@s.whatsapp.net",
      "saldo": 1
   },
   {
      "id": "6285788127295@s.whatsapp.net",
      "saldo": 5
   },
   {
      "id": "6283137573945@s.whatsapp.net",
      "saldo": 3
   },
   {
      "id": "6288221468301@s.whatsapp.net",
      "saldo": 2
   },
   {
      "id": "6283196370010@s.whatsapp.net",
      "saldo": 1
   },
   {
      "id": "62887437005435@s.whatsapp.net",
      "saldo": 9
   },
   {
      "id": "6281237717721@s.whatsapp.net",
      "saldo": 8
   },
   {
      "id": "6282276062718@s.whatsapp.net",
      "saldo": 3
   },
   {
      "id": "6283153486462@s.whatsapp.net",
      "saldo": 2
   },
   {
      "id": "120363241975482709@newsletter",
      "saldo": 9
   },
   {
      "id": "6283802603825@s.whatsapp.net",
      "saldo": 1
   },
   {
      "id": "6285133082123@s.whatsapp.net",
      "saldo": 1
   },
   {
      "id": "6287853640309@s.whatsapp.net",
      "saldo": 2
   },
   {
      "id": "6283840077989@s.whatsapp.net",
      "saldo": 1
   },
   {
      "id": "6285692627104@s.whatsapp.net",
      "saldo": 4
   },
   {
      "id": "6289603422066@s.whatsapp.net",
      "saldo": 1
   },
   {
      "id": "628985295787@s.whatsapp.net",
      "saldo": 6
   },
   {
      "id": "6283190231191@s.whatsapp.net",
      "saldo": 4
   },
   {
      "id": "6289525257737@s.whatsapp.net",
      "saldo": 2
   },
   {
      "id": "6288980103366@s.whatsapp.net",
      "saldo": 5
   },
   {
      "id": "6281522914208@s.whatsapp.net",
      "saldo": 4
   },
   {
      "id": "6289523331505@s.whatsapp.net",
      "saldo": 1
   },
   {
      "id": "6283853164873@s.whatsapp.net",
      "saldo": 3
   },
   {
      "id": "120363384298412755@newsletter",
      "saldo": 12
   },
   {
      "id": "855975924473@s.whatsapp.net",
      "saldo": 1
   },
   {
      "id": "6285352408213@s.whatsapp.net",
      "saldo": 4
   },
   {
      "id": "6285759238325@s.whatsapp.net",
      "saldo": 1
   },
   {
      "id": "6287881919892@s.whatsapp.net",
      "saldo": 12
   },
   {
      "id": "6288808979607@s.whatsapp.net",
      "saldo": 2
   },
   {
      "id": "6289684457225@s.whatsapp.net",
      "saldo": 2
   },
   {
      "id": "237659088741@s.whatsapp.net",
      "saldo": 2
   },
   {
      "id": "6283877801235@s.whatsapp.net",
      "saldo": 1
   },
   {
      "id": "6281344956566@s.whatsapp.net",
      "saldo": 17
   },
   {
      "id": "6285709107098@s.whatsapp.net",
      "saldo": 2
   },
   {
      "id": "6288271109247@s.whatsapp.net",
      "saldo": 2
   },
   {
      "id": "6283131164107@s.whatsapp.net",
      "saldo": 37
   },
   {
      "id": "6285147492108@s.whatsapp.net",
      "saldo": 2
   },
   {
      "id": "6282284246286@s.whatsapp.net",
      "saldo": 3
   },
   {
      "id": "6289501347431@s.whatsapp.net",
      "saldo": 57
   },
   {
      "id": "62882022066260@s.whatsapp.net",
      "saldo": 110
   },
   {
      "id": "6283834491251@s.whatsapp.net",
      "saldo": 5
   },
   {
      "id": "6283193968849@s.whatsapp.net",
      "saldo": 2
   },
   {
      "id": "6287744386435@s.whatsapp.net",
      "saldo": 2
   },
   {
      "id": "6282314477001@s.whatsapp.net",
      "saldo": 1
   },
   {
      "id": "6285861009691@s.whatsapp.net",
      "saldo": 1
   },
   {
      "id": "62881012747184@s.whatsapp.net",
      "saldo": 1
   },
   {
      "id": "6283890062182@s.whatsapp.net",
      "saldo": 1
   },
   {
      "id": "6282275559735@s.whatsapp.net",
      "saldo": 5
   },
   {
      "id": "6282261591022@s.whatsapp.net",
      "saldo": 1
   },
   {
      "id": "628818671085@s.whatsapp.net",
      "saldo": 1
   },
   {
      "id": "6285179665281@s.whatsapp.net",
      "saldo": 12
   },
   {
      "id": "6285147820977@s.whatsapp.net",
      "saldo": 2
   },
   {
      "id": "62881012303956@s.whatsapp.net",
      "saldo": 2
   },
   {
      "id": "6283191404478@s.whatsapp.net",
      "saldo": 1
   },
   {
      "id": "6285719533815@s.whatsapp.net",
      "saldo": 2
   },
   {
      "id": "6287844660412@s.whatsapp.net",
      "saldo": 1
   },
   {
      "id": "6281299359681@s.whatsapp.net",
      "saldo": 2
   },
   {
      "id": "6283811442076@s.whatsapp.net",
      "saldo": 3
   },
   {
      "id": "6283892778818@s.whatsapp.net",
      "saldo": 3
   },
   {
      "id": "6281373834292@s.whatsapp.net",
      "saldo": 1
   },
   {
      "id": "6285718275389@s.whatsapp.net",
      "saldo": 3
   },
   {
      "id": "628895641229@s.whatsapp.net",
      "saldo": 4
   },
   {
      "id": "6281235949355@s.whatsapp.net",
      "saldo": 4
   },
   {
      "id": "6283890800042@s.whatsapp.net",
      "saldo": 1
   },
   {
      "id": "6285137159180@s.whatsapp.net",
      "saldo": 1
   },
   {
      "id": "120363364595741194@newsletter",
      "saldo": 6
   },
   {
      "id": "6282134277447@s.whatsapp.net",
      "saldo": 1
   },
   {
      "id": "6289501877024@s.whatsapp.net",
      "saldo": 18
   },
   {
      "id": "120363340344414811@newsletter",
      "saldo": 1
   },
   {
      "id": "6282228402357@s.whatsapp.net",
      "saldo": 1
   },
   {
      "id": "6283133304992@s.whatsapp.net",
      "saldo": 1
   },
   {
      "id": "6283872788437@s.whatsapp.net",
      "saldo": 5
   },
   {
      "id": "6285795952701@s.whatsapp.net",
      "saldo": 4
   },
   {
      "id": "6282265422579@s.whatsapp.net",
      "saldo": 2
   },
   {
      "id": "6283898633114@s.whatsapp.net",
      "saldo": 5
   },
   {
      "id": "6283838001890@s.whatsapp.net",
      "saldo": 1
   },
   {
      "id": "6282315285445@s.whatsapp.net",
      "saldo": 1
   },
   {
      "id": "6285768748369@s.whatsapp.net",
      "saldo": 2
   },
   {
      "id": "573027385441@s.whatsapp.net",
      "saldo": 2
   },
   {
      "id": "6285167249152@s.whatsapp.net",
      "saldo": 3
   },
   {
      "id": "6283125720084@s.whatsapp.net",
      "saldo": 1
   },
   {
      "id": "6288294190799@s.whatsapp.net",
      "saldo": 1
   },
   {
      "id": "628985606728@s.whatsapp.net",
      "saldo": 1
   },
   {
      "id": "6283170586533@s.whatsapp.net",
      "saldo": 1
   },
   {
      "id": "6283866592253@s.whatsapp.net",
      "saldo": 1
   },
   {
      "id": "6287738782937@s.whatsapp.net",
      "saldo": 1
   },
   {
      "id": "6289504349831@s.whatsapp.net",
      "saldo": 24
   },
   {
      "id": "6285724732257@s.whatsapp.net",
      "saldo": 6
   },
   {
      "id": "6283890604870@s.whatsapp.net",
      "saldo": 1
   },
   {
      "id": "6282287868769@s.whatsapp.net",
      "saldo": 10
   },
   {
      "id": "6285189394696@s.whatsapp.net",
      "saldo": 1
   },
   {
      "id": "6282137682500@s.whatsapp.net",
      "saldo": 3
   },
   {
      "id": "62895614033342@s.whatsapp.net",
      "saldo": 7
   },
   {
      "id": "6287783322318@s.whatsapp.net",
      "saldo": 7
   },
   {
      "id": "6283866843957@s.whatsapp.net",
      "saldo": 1
   },
   {
      "id": "62815582558345@s.whatsapp.net",
      "saldo": 6
   },
   {
      "id": "6289529536562@s.whatsapp.net",
      "saldo": 2
   },
   {
      "id": "573169948469@s.whatsapp.net",
      "saldo": 1
   },
   {
      "id": "6283854019482@s.whatsapp.net",
      "saldo": 3
   },
   {
      "id": "6282228635207@s.whatsapp.net",
      "saldo": 1
   },
   {
      "id": "6283891565335@s.whatsapp.net",
      "saldo": 9
   },
   {
      "id": "6282328013583@s.whatsapp.net",
      "saldo": 1
   },
   {
      "id": "6283854833221@s.whatsapp.net",
      "saldo": 8
   },
   {
      "id": "6285921844580@s.whatsapp.net",
      "saldo": 1
   },
   {
      "id": "6287878032382@s.whatsapp.net",
      "saldo": 1
   },
   {
      "id": "6283869995788@s.whatsapp.net",
      "saldo": 1
   },
   {
      "id": "6285762110288@s.whatsapp.net",
      "saldo": 2
   },
   {
      "id": "6283163160938@s.whatsapp.net",
      "saldo": 2
   },
   {
      "id": "6281275896256@s.whatsapp.net",
      "saldo": 1
   },
   {
      "id": "6289684471994@s.whatsapp.net",
      "saldo": 12
   },
   {
      "id": "6285138690220@s.whatsapp.net",
      "saldo": 10
   },
   {
      "id": "6287782543369@s.whatsapp.net",
      "saldo": 8
   },
   {
      "id": "6281251053732@s.whatsapp.net",
      "saldo": 2
   },
   {
      "id": "6283862439898@s.whatsapp.net",
      "saldo": 2
   },
   {
      "id": "6283132263098@s.whatsapp.net",
      "saldo": 3
   },
   {
      "id": "60105875704@s.whatsapp.net",
      "saldo": 2
   },
   {
      "id": "6282183584798@s.whatsapp.net",
      "saldo": 6
   },
   {
      "id": "120363312264708384@newsletter",
      "saldo": 3
   },
   {
      "id": "6281225835403@s.whatsapp.net",
      "saldo": 4
   },
   {
      "id": "120363401491693825@newsletter",
      "saldo": 2
   },
   {
      "id": "62895403230129@s.whatsapp.net",
      "saldo": 1
   },
   {
      "id": "6285817128108@s.whatsapp.net",
      "saldo": 1
   },
   {
      "id": "6287755432880@s.whatsapp.net",
      "saldo": 3
   },
   {
      "id": "6281274628133@s.whatsapp.net",
      "saldo": 1
   },
   {
      "id": "6283826195455@s.whatsapp.net",
      "saldo": 2
   },
   {
      "id": "120363360961817165@newsletter",
      "saldo": 1
   },
   {
      "id": "62882001197974@s.whatsapp.net",
      "saldo": 4
   },
   {
      "id": "6281235704969@s.whatsapp.net",
      "saldo": 2
   },
   {
      "id": "6282310813023@s.whatsapp.net",
      "saldo": 3
   },
   {
      "id": "120363320480436844@newsletter",
      "saldo": 2
   },
   {
      "id": "6289522928487@s.whatsapp.net",
      "saldo": 15
   },
   {
      "id": "6282332799747@s.whatsapp.net",
      "saldo": 1
   },
   {
      "id": "6283846461890@s.whatsapp.net",
      "saldo": 3
   },
   {
      "id": "62895405753446@s.whatsapp.net",
      "saldo": 141
   },
   {
      "id": "6283817361513@s.whatsapp.net",
      "saldo": 3
   },
   {
      "id": "6288297793616@s.whatsapp.net",
      "saldo": 2
   },
   {
      "id": "6285167089173@s.whatsapp.net",
      "saldo": 1
   },
   {
      "id": "6282325766288@s.whatsapp.net",
      "saldo": 1
   },
   {
      "id": "6285775414552@s.whatsapp.net",
      "saldo": 1
   },
   {
      "id": "6283827730927@s.whatsapp.net",
      "saldo": 3
   },
   {
      "id": "62895340526627@s.whatsapp.net",
      "saldo": 1
   },
   {
      "id": "886976694798@s.whatsapp.net",
      "saldo": 2
   },
   {
      "id": "6283140672275@s.whatsapp.net",
      "saldo": 2
   },
   {
      "id": "6285860626761@s.whatsapp.net",
      "saldo": 1
   },
   {
      "id": "6285781669837@s.whatsapp.net",
      "saldo": 3
   },
   {
      "id": "6283125804461@s.whatsapp.net",
      "saldo": 1
   },
   {
      "id": "6282340094648@s.whatsapp.net",
      "saldo": 5
   },
   {
      "id": "6283172233143@s.whatsapp.net",
      "saldo": 5
   },
   {
      "id": "6285781549773@s.whatsapp.net",
      "saldo": 5
   },
   {
      "id": "6287786747634@s.whatsapp.net",
      "saldo": 3
   },
   {
      "id": "6283857526250@s.whatsapp.net",
      "saldo": 14
   },
   {
      "id": "6283182076231@s.whatsapp.net",
      "saldo": 7
   },
   {
      "id": "6285184735273@s.whatsapp.net",
      "saldo": 7
   },
   {
      "id": "6289524186155@s.whatsapp.net",
      "saldo": 2
   },
   {
      "id": "6288291824771@s.whatsapp.net",
      "saldo": 1
   },
   {
      "id": "6283811137672@s.whatsapp.net",
      "saldo": 1
   },
   {
      "id": "6285788034738@s.whatsapp.net",
      "saldo": 1
   },
   {
      "id": "628382340729@s.whatsapp.net",
      "saldo": 1
   },
   {
      "id": "6282123923980@s.whatsapp.net",
      "saldo": 1
   },
   {
      "id": "6289654604541@s.whatsapp.net",
      "saldo": 1
   },
   {
      "id": "62895328034281@s.whatsapp.net",
      "saldo": 1
   },
   {
      "id": "6285724631417@s.whatsapp.net",
      "saldo": 1
   },
   {
      "id": "6289635987903@s.whatsapp.net",
      "saldo": 1
   },
   {
      "id": "628812880631@s.whatsapp.net",
      "saldo": 1
   },
   {
      "id": "6285335526116@s.whatsapp.net",
      "saldo": 1
   },
   {
      "id": "6285603059352@s.whatsapp.net",
      "saldo": 1
   },
   {
      "id": "6285216951632@s.whatsapp.net",
      "saldo": 1
   },
   {
      "id": "6285274726414@s.whatsapp.net",
      "saldo": 1
   },
   {
      "id": "6287737393157@s.whatsapp.net",
      "saldo": 1
   },
   {
      "id": "6285270446711@s.whatsapp.net",
      "saldo": 2
   },
   {
      "id": "6283122170802@s.whatsapp.net",
      "saldo": 1
   },
   {
      "id": "6287775382647@s.whatsapp.net",
      "saldo": 1
   },
   {
      "id": "6282220572617@s.whatsapp.net",
      "saldo": 2
   },
   {
      "id": "6283890908513@s.whatsapp.net",
      "saldo": 4
   },
   {
      "id": "6285820169622@s.whatsapp.net",
      "saldo": 198
   },
   {
      "id": "6282127506046@s.whatsapp.net",
      "saldo": 1
   },
   {
      "id": "6281230990012@s.whatsapp.net",
      "saldo": 1
   },
   {
      "id": "6281326095648@s.whatsapp.net",
      "saldo": 1
   },
   {
      "id": "6281416060919@s.whatsapp.net",
      "saldo": 1
   },
   {
      "id": "6285797158817@s.whatsapp.net",
      "saldo": 1
   },
   {
      "id": "6289515145711@s.whatsapp.net",
      "saldo": 1
   },
   {
      "id": "62895383245572@s.whatsapp.net",
      "saldo": 1
   },
   {
      "id": "6285697602395@s.whatsapp.net",
      "saldo": 1
   },
   {
      "id": "6285182366823@s.whatsapp.net",
      "saldo": 1
   },
   {
      "id": "6285339294584@s.whatsapp.net",
      "saldo": 1
   },
   {
      "id": "6285645777865@s.whatsapp.net",
      "saldo": 1
   },
   {
      "id": "6283171457113@s.whatsapp.net",
      "saldo": 4
   },
   {
      "id": "6285223609869@s.whatsapp.net",
      "saldo": 1
   },
   {
      "id": "6282127594531@s.whatsapp.net",
      "saldo": 1
   },
   {
      "id": "6282195283916@s.whatsapp.net",
      "saldo": 1
   },
   {
      "id": "60148748717@s.whatsapp.net",
      "saldo": 1
   },
   {
      "id": "6285896114588@s.whatsapp.net",
      "saldo": 1
   },
   {
      "id": "6285768082637@s.whatsapp.net",
      "saldo": 1
   },
   {
      "id": "6283844414522@s.whatsapp.net",
      "saldo": 1
   },
   {
      "id": "6282114275683@s.whatsapp.net",
      "saldo": 1
   },
   {
      "id": "62895322106070@s.whatsapp.net",
      "saldo": 8
   },
   {
      "id": "62881025352874@s.whatsapp.net",
      "saldo": 4
   },
   {
      "id": "6282336867512@s.whatsapp.net",
      "saldo": 1
   },
   {
      "id": "62882021047638@s.whatsapp.net",
      "saldo": 1
   },
   {
      "id": "6285787152840@s.whatsapp.net",
      "saldo": 1
   },
   {
      "id": "6288706469966@s.whatsapp.net",
      "saldo": 1
   },
   {
      "id": "6289604404621@s.whatsapp.net",
      "saldo": 2
   },
   {
      "id": "6283167073254@s.whatsapp.net",
      "saldo": 1
   },
   {
      "id": "6288905833585@s.whatsapp.net",
      "saldo": 21
   },
   {
      "id": "6285645887395@s.whatsapp.net",
      "saldo": 1
   },
   {
      "id": "62882002324719@s.whatsapp.net",
      "saldo": 1
   },
   {
      "id": "62895402044448@s.whatsapp.net",
      "saldo": 1
   },
   {
      "id": "6285124166541@s.whatsapp.net",
      "saldo": 4
   },
   {
      "id": "6285143569877@s.whatsapp.net",
      "saldo": 27
   },
   {
      "id": "6283192332868@s.whatsapp.net",
      "saldo": 2
   },
   {
      "id": "6285641816288@s.whatsapp.net",
      "saldo": 5
   },
   {
      "id": "6283152356421@s.whatsapp.net",
      "saldo": 13
   },
   {
      "id": "6283138905145@s.whatsapp.net",
      "saldo": 7
   },
   {
      "id": "6283847845860@s.whatsapp.net",
      "saldo": 1
   },
   {
      "id": "6281931367391@s.whatsapp.net",
      "saldo": 1
   },
   {
      "id": "6285184193496@s.whatsapp.net",
      "saldo": 5
   },
   {
      "id": "6289513229239@s.whatsapp.net",
      "saldo": 3
   },
   {
      "id": "6289503232372@s.whatsapp.net",
      "saldo": 1
   },
   {
      "id": "6285758410950@s.whatsapp.net",
      "saldo": 2
   },
   {
      "id": "6282164663168@s.whatsapp.net",
      "saldo": 1
   },
   {
      "id": "6285863283308@s.whatsapp.net",
      "saldo": 2
   },
   {
      "id": "6285769982168@s.whatsapp.net",
      "saldo": 1
   },
   {
      "id": "6283113071914@s.whatsapp.net",
      "saldo": 1
   },
   {
      "id": "6282183249458@s.whatsapp.net",
      "saldo": 1
   },
   {
      "id": "628895268876@s.whatsapp.net",
      "saldo": 1
   },
   {
      "id": "6282279890804@s.whatsapp.net",
      "saldo": 1
   },
   {
      "id": "6285813186872@s.whatsapp.net",
      "saldo": 1
   },
   {
      "id": "6285143406832@s.whatsapp.net",
      "saldo": 3
   },
   {
      "id": "628388501516@s.whatsapp.net",
      "saldo": 1
   },
   {
      "id": "6285600401351@s.whatsapp.net",
      "saldo": 6
   },
   {
      "id": "6282121860756@s.whatsapp.net",
      "saldo": 1
   },
   {
      "id": "6282320744676@s.whatsapp.net",
      "saldo": 1
   },
   {
      "id": "6281227811256@s.whatsapp.net",
      "saldo": 5
   },
   {
      "id": "6281231725573@s.whatsapp.net",
      "saldo": 1
   },
   {
      "id": "6285769779172@s.whatsapp.net",
      "saldo": 19
   },
   {
      "id": "6285879531334@s.whatsapp.net",
      "saldo": 1
   },
   {
      "id": "6289503165263@s.whatsapp.net",
      "saldo": 1
   },
   {
      "id": "6282245415403@s.whatsapp.net",
      "saldo": 2
   },
   {
      "id": "6282260094244@s.whatsapp.net",
      "saldo": 3
   },
   {
      "id": "6282248512442@s.whatsapp.net",
      "saldo": 1
   },
   {
      "id": "6285259337511@s.whatsapp.net",
      "saldo": 5
   },
   {
      "id": "6287844616921@s.whatsapp.net",
      "saldo": 1
   },
   {
      "id": "6281540957683@s.whatsapp.net",
      "saldo": 1
   },
   {
      "id": "639103913829@s.whatsapp.net",
      "saldo": 2
   },
   {
      "id": "6285756838001@s.whatsapp.net",
      "saldo": 1
   },
   {
      "id": "6288210689726@s.whatsapp.net",
      "saldo": 14
   },
   {
      "id": "6282130756675@s.whatsapp.net",
      "saldo": 1
   },
   {
      "id": "6283155776259@s.whatsapp.net",
      "saldo": 1
   },
   {
      "id": "6283112230590@s.whatsapp.net",
      "saldo": 6
   },
   {
      "id": "6281257641065@s.whatsapp.net",
      "saldo": 1
   },
   {
      "id": "6283187314518@s.whatsapp.net",
      "saldo": 4
   },
   {
      "id": "6283178960541@s.whatsapp.net",
      "saldo": 1
   },
   {
      "id": "62882015082351@s.whatsapp.net",
      "saldo": 1
   },
   {
      "id": "6285945463952@s.whatsapp.net",
      "saldo": 6
   },
   {
      "id": "6281359123789@s.whatsapp.net",
      "saldo": 6
   },
   {
      "id": "6282163511699@s.whatsapp.net",
      "saldo": 25
   },
   {
      "id": "120363383504947726@newsletter",
      "saldo": 1
   },
   {
      "id": "6281374383083@s.whatsapp.net",
      "saldo": 1
   },
   {
      "id": "6285964208427@s.whatsapp.net",
      "saldo": 6
   },
   {
      "id": "6282319699080@s.whatsapp.net",
      "saldo": 14
   },
   {
      "id": "6285759309008@s.whatsapp.net",
      "saldo": 1
   },
   {
      "id": "62882021826347@s.whatsapp.net",
      "saldo": 1
   },
   {
      "id": "6289528228346@s.whatsapp.net",
      "saldo": 9
   },
   {
      "id": "6285758095578@s.whatsapp.net",
      "saldo": 1
   },
   {
      "id": "6282322357682@s.whatsapp.net",
      "saldo": 1
   },
   {
      "id": "6282152434821@s.whatsapp.net",
      "saldo": 1
   },
   {
      "id": "6283177306418@s.whatsapp.net",
      "saldo": 1
   },
   {
      "id": "6285134603142@s.whatsapp.net",
      "saldo": 2
   },
   {
      "id": "6285693475191@s.whatsapp.net",
      "saldo": 6
   },
   {
      "id": "6283876000826@s.whatsapp.net",
      "saldo": 3
   },
   {
      "id": "6283180581661@s.whatsapp.net",
      "saldo": 1
   },
   {
      "id": "6281952375934@s.whatsapp.net",
      "saldo": 17
   },
   {
      "id": "6283189789716@s.whatsapp.net",
      "saldo": 1
   },
   {
      "id": "6282264105667@s.whatsapp.net",
      "saldo": 1
   },
   {
      "id": "6288227302761@s.whatsapp.net",
      "saldo": 2
   },
   {
      "id": "6281376368505@s.whatsapp.net",
      "saldo": 1
   },
   {
      "id": "6287874790179@s.whatsapp.net",
      "saldo": 1
   },
   {
      "id": "62882015857542@s.whatsapp.net",
      "saldo": 4
   },
   {
      "id": "6283836177827@s.whatsapp.net",
      "saldo": 5
   },
   {
      "id": "6289518248057@s.whatsapp.net",
      "saldo": 21
   },
   {
      "id": "6285783089587@s.whatsapp.net",
      "saldo": 24
   },
   {
      "id": "6285700668370@s.whatsapp.net",
      "saldo": 10
   },
   {
      "id": "6289665432305@s.whatsapp.net",
      "saldo": 12
   },
   {
      "id": "6282143733959@s.whatsapp.net",
      "saldo": 20
   },
   {
      "id": "6281389190204@s.whatsapp.net",
      "saldo": 22
   },
   {
      "id": "6283865910621@s.whatsapp.net",
      "saldo": 2
   },
   {
      "id": "6283113038008@s.whatsapp.net",
      "saldo": 69
   },
   {
      "id": "62881011661312@s.whatsapp.net",
      "saldo": 1
   },
   {
      "id": "6288226386176@s.whatsapp.net",
      "saldo": 3
   },
   {
      "id": "6285771555374@s.whatsapp.net",
      "saldo": 11
   },
   {
      "id": "120363376764374432@newsletter",
      "saldo": 13
   },
   {
      "id": "6283805811703@s.whatsapp.net",
      "saldo": 2
   },
   {
      "id": "628311781596@s.whatsapp.net",
      "saldo": 18
   },
   {
      "id": "6282249470767@s.whatsapp.net",
      "saldo": 1
   },
   {
      "id": "6281326879690@s.whatsapp.net",
      "saldo": 10
   },
   {
      "id": "6283139882434@s.whatsapp.net",
      "saldo": 57
   },
   {
      "id": "120363301428946392@newsletter",
      "saldo": 2
   },
   {
      "id": "6282137435046@s.whatsapp.net",
      "saldo": 33
   },
   {
      "id": "6283829339125@s.whatsapp.net",
      "saldo": 1
   },
   {
      "id": "62895628260666@s.whatsapp.net",
      "saldo": 7
   },
   {
      "id": "120363302333801975@newsletter",
      "saldo": 2
   },
   {
      "id": "6285314865494@s.whatsapp.net",
      "saldo": 1
   },
   {
      "id": "6281291745703@s.whatsapp.net",
      "saldo": 1
   },
   {
      "id": "62895323394377@s.whatsapp.net",
      "saldo": 93
   },
   {
      "id": "6285692492038@s.whatsapp.net",
      "saldo": 5
   },
   {
      "id": "6283143663697@s.whatsapp.net",
      "saldo": 47
   },
   {
      "id": "6285962300075@s.whatsapp.net",
      "saldo": 7
   },
   {
      "id": "62895329431063@s.whatsapp.net",
      "saldo": 3
   },
   {
      "id": "6282179287991@s.whatsapp.net",
      "saldo": 4
   },
   {
      "id": "6281572052987@s.whatsapp.net",
      "saldo": 6
   },
   {
      "id": "6285183559284@s.whatsapp.net",
      "saldo": 3
   },
   {
      "id": "6283190336544@s.whatsapp.net",
      "saldo": 35
   },
   {
      "id": "6287857074613@s.whatsapp.net",
      "saldo": 2
   },
   {
      "id": "6285747811909@s.whatsapp.net",
      "saldo": 2
   },
   {
      "id": "6288707418139@s.whatsapp.net",
      "saldo": 4
   },
   {
      "id": "6287836488316@s.whatsapp.net",
      "saldo": 4
   },
   {
      "id": "120363336932401345@newsletter",
      "saldo": 1
   },
   {
      "id": "120363410590379317@newsletter",
      "saldo": 40
   },
   {
      "id": "6285781235038@s.whatsapp.net",
      "saldo": 9
   },
   {
      "id": "6281298523348@s.whatsapp.net",
      "saldo": 3
   },
   {
      "id": "6287785531253@s.whatsapp.net",
      "saldo": 9
   },
   {
      "id": "62882003737898@s.whatsapp.net",
      "saldo": 6
   },
   {
      "id": "6282396700834@s.whatsapp.net",
      "saldo": 21
   },
   {
      "id": "62882008771871@s.whatsapp.net",
      "saldo": 17
   },
   {
      "id": "6285932879969@s.whatsapp.net",
      "saldo": 5
   },
   {
      "id": "6285191083675@s.whatsapp.net",
      "saldo": 5
   },
   {
      "id": "6285796965389@s.whatsapp.net",
      "saldo": 6
   },
   {
      "id": "6281373145606@s.whatsapp.net",
      "saldo": 3
   },
   {
      "id": "6282124650703@s.whatsapp.net",
      "saldo": 4
   },
   {
      "id": "6281330437497@s.whatsapp.net",
      "saldo": 40
   },
   {
      "id": "6283872090542@s.whatsapp.net",
      "saldo": 4
   },
   {
      "id": "120363268444505557@newsletter",
      "saldo": 8
   },
   {
      "id": "6282289075946@s.whatsapp.net",
      "saldo": 2
   },
   {
      "id": "6282247022797@s.whatsapp.net",
      "saldo": 1
   },
   {
      "id": "62882020314035@s.whatsapp.net",
      "saldo": 9
   },
   {
      "id": "6281374480265@s.whatsapp.net",
      "saldo": 21
   },
   {
      "id": "6281262264300@s.whatsapp.net",
      "saldo": 46
   },
   {
      "id": "6283119420960@s.whatsapp.net",
      "saldo": 1
   },
   {
      "id": "6289605583303@s.whatsapp.net",
      "saldo": 1
   },
   {
      "id": "6281217617964@s.whatsapp.net",
      "saldo": 3
   },
   {
      "id": "6282259902832@s.whatsapp.net",
      "saldo": 1
   },
   {
      "id": "120363280880867402@newsletter",
      "saldo": 1
   },
   {
      "id": "6282119494737@s.whatsapp.net",
      "saldo": 1
   },
   {
      "id": "6285739217560@s.whatsapp.net",
      "saldo": 5
   },
   {
      "id": "6281263405745@s.whatsapp.net",
      "saldo": 3
   },
   {
      "id": "6285135903026@s.whatsapp.net",
      "saldo": 4
   },
   {
      "id": "6285646746467@s.whatsapp.net",
      "saldo": 1
   },
   {
      "id": "6285389264461@s.whatsapp.net",
      "saldo": 2
   },
   {
      "id": "6285701107236@s.whatsapp.net",
      "saldo": 3
   },
   {
      "id": "62882001904779@s.whatsapp.net",
      "saldo": 5
   },
   {
      "id": "62895327482590@s.whatsapp.net",
      "saldo": 7
   },
   {
      "id": "6285696351066@s.whatsapp.net",
      "saldo": 2
   },
   {
      "id": "6285779337609@s.whatsapp.net",
      "saldo": 2
   },
   {
      "id": "6285705364876@s.whatsapp.net",
      "saldo": 3
   },
   {
      "id": "6283169687317@s.whatsapp.net",
      "saldo": 2
   },
   {
      "id": "6287870584480@s.whatsapp.net",
      "saldo": 6
   },
   {
      "id": "6283831529595@s.whatsapp.net",
      "saldo": 1
   },
   {
      "id": "6283893166498@s.whatsapp.net",
      "saldo": 2
   },
   {
      "id": "6289666340705@s.whatsapp.net",
      "saldo": 1
   },
   {
      "id": "62895365543229@s.whatsapp.net",
      "saldo": 1
   },
   {
      "id": "6283133968401@s.whatsapp.net",
      "saldo": 11
   },
   {
      "id": "6281945036721@s.whatsapp.net",
      "saldo": 2
   },
   {
      "id": "6285143551442@s.whatsapp.net",
      "saldo": 1
   },
   {
      "id": "6287713998756@s.whatsapp.net",
      "saldo": 2
   },
   {
      "id": "6283869163908@s.whatsapp.net",
      "saldo": 2
   },
   {
      "id": "6282139280514@s.whatsapp.net",
      "saldo": 2
   },
   {
      "id": "6285791419510@s.whatsapp.net",
      "saldo": 2
   },
   {
      "id": "6282313151816@s.whatsapp.net",
      "saldo": 2
   },
   {
      "id": "120363297258711626@newsletter",
      "saldo": 2
   },
   {
      "id": "6282347785238@s.whatsapp.net",
      "saldo": 2
   },
   {
      "id": "6285767711214@s.whatsapp.net",
      "saldo": 4
   },
   {
      "id": "6283173297507@s.whatsapp.net",
      "saldo": 2
   },
   {
      "id": "6285275026075@s.whatsapp.net",
      "saldo": 1
   },
   {
      "id": "120363397512654821@newsletter",
      "saldo": 5
   },
   {
      "id": "6285165647887@s.whatsapp.net",
      "saldo": 3
   },
   {
      "id": "6283801933888@s.whatsapp.net",
      "saldo": 1
   },
   {
      "id": "62881027084466@s.whatsapp.net",
      "saldo": 3
   },
   {
      "id": "62895359670059@s.whatsapp.net",
      "saldo": 17
   },
   {
      "id": "6285156681217@s.whatsapp.net",
      "saldo": 3
   },
   {
      "id": "6287769343155@s.whatsapp.net",
      "saldo": 2
   },
   {
      "id": "6287823358993@s.whatsapp.net",
      "saldo": 2
   },
   {
      "id": "6288225721881@s.whatsapp.net",
      "saldo": 8
   },
   {
      "id": "6283177504275@s.whatsapp.net",
      "saldo": 2
   },
   {
      "id": "6282172807884@s.whatsapp.net",
      "saldo": 1
   },
   {
      "id": "62895360158508@s.whatsapp.net",
      "saldo": 5
   },
   {
      "id": "6283137223640@s.whatsapp.net",
      "saldo": 1
   },
   {
      "id": "6281532763700@s.whatsapp.net",
      "saldo": 2
   },
   {
      "id": "6285788562325@s.whatsapp.net",
      "saldo": 1
   },
   {
      "id": "6283876606546@s.whatsapp.net",
      "saldo": 3
   },
   {
      "id": "6285624297893@s.whatsapp.net",
      "saldo": 36
   },
   {
      "id": "6289502055400@s.whatsapp.net",
      "saldo": 3
   },
   {
      "id": "6281378407620@s.whatsapp.net",
      "saldo": 1
   },
   {
      "id": "6287746160955@s.whatsapp.net",
      "saldo": 22
   },
   {
      "id": "6288226817265@s.whatsapp.net",
      "saldo": 1
   },
   {
      "id": "6281367967682@s.whatsapp.net",
      "saldo": 4
   },
   {
      "id": "6283131201470@s.whatsapp.net",
      "saldo": 3
   },
   {
      "id": "628881106730@s.whatsapp.net",
      "saldo": 1
   },
   {
      "id": "6285752500260@s.whatsapp.net",
      "saldo": 2
   },
   {
      "id": "6285724024072@s.whatsapp.net",
      "saldo": 5
   },
   {
      "id": "6285298027445@s.whatsapp.net",
      "saldo": 1
   },
   {
      "id": "6282120295127@s.whatsapp.net",
      "saldo": 2
   },
   {
      "id": "6288295451110@s.whatsapp.net",
      "saldo": 2
   },
   {
      "id": "6282285903701@s.whatsapp.net",
      "saldo": 6
   },
   {
      "id": "62895341682369@s.whatsapp.net",
      "saldo": 1
   },
   {
      "id": "6283171063405@s.whatsapp.net",
      "saldo": 2
   },
   {
      "id": "6281367746690@s.whatsapp.net",
      "saldo": 1
   },
   {
      "id": "6285176980745@s.whatsapp.net",
      "saldo": 1
   },
   {
      "id": "628978823447@s.whatsapp.net",
      "saldo": 2
   },
   {
      "id": "6285867643213@s.whatsapp.net",
      "saldo": 1
   },
   {
      "id": "6281249703469@s.whatsapp.net",
      "saldo": 3
   },
   {
      "id": "6283840569246@s.whatsapp.net",
      "saldo": 4
   },
   {
      "id": "6285194520363@s.whatsapp.net",
      "saldo": 1
   },
   {
      "id": "6285814549423@s.whatsapp.net",
      "saldo": 3
   },
   {
      "id": "6285772594439@s.whatsapp.net",
      "saldo": 2
   },
   {
      "id": "6285824997453@s.whatsapp.net",
      "saldo": 27
   },
   {
      "id": "6283102377588@s.whatsapp.net",
      "saldo": 7
   },
   {
      "id": "62895365446827@s.whatsapp.net",
      "saldo": 1
   },
   {
      "id": "6287823062296@s.whatsapp.net",
      "saldo": 31
   },
   {
      "id": "6285891040141@s.whatsapp.net",
      "saldo": 1
   },
   {
      "id": "6283176194095@s.whatsapp.net",
      "saldo": 11
   },
   {
      "id": "6285603325651@s.whatsapp.net",
      "saldo": 2
   },
   {
      "id": "6283192166703@s.whatsapp.net",
      "saldo": 3
   },
   {
      "id": "6285710115864@s.whatsapp.net",
      "saldo": 3
   },
   {
      "id": "6283894552875@s.whatsapp.net",
      "saldo": 1
   },
   {
      "id": "6283196861613@s.whatsapp.net",
      "saldo": 1
   },
   {
      "id": "62856079454046@s.whatsapp.net",
      "saldo": 1
   },
   {
      "id": "6282372869290@s.whatsapp.net",
      "saldo": 1
   },
   {
      "id": "628386890336@s.whatsapp.net",
      "saldo": 3
   },
   {
      "id": "6283128730972@s.whatsapp.net",
      "saldo": 4
   },
   {
      "id": "6285719197935@s.whatsapp.net",
      "saldo": 7
   },
   {
      "id": "6282223617700@s.whatsapp.net",
      "saldo": 6
   },
   {
      "id": "6285182993271@s.whatsapp.net",
      "saldo": 4
   },
   {
      "id": "6289509290850@s.whatsapp.net",
      "saldo": 2
   },
   {
      "id": "6287814925173@s.whatsapp.net",
      "saldo": 1
   },
   {
      "id": "628886241679@s.whatsapp.net",
      "saldo": 3
   },
   {
      "id": "6285700411572@s.whatsapp.net",
      "saldo": 1
   },
   {
      "id": "6289509044583@s.whatsapp.net",
      "saldo": 2
   },
   {
      "id": "6285641498913@s.whatsapp.net",
      "saldo": 6
   },
   {
      "id": "62895340034711@s.whatsapp.net",
      "saldo": 1
   },
   {
      "id": "6283117613644@s.whatsapp.net",
      "saldo": 1
   },
   {
      "id": "6283143560580@s.whatsapp.net",
      "saldo": 1
   },
   {
      "id": "6282245139834@s.whatsapp.net",
      "saldo": 1
   },
   {
      "id": "6285741146263@s.whatsapp.net",
      "saldo": 2
   },
   {
      "id": "6285659713785@s.whatsapp.net",
      "saldo": 5
   },
   {
      "id": "6283166532158@s.whatsapp.net",
      "saldo": 3
   },
   {
      "id": "62895610965040@s.whatsapp.net",
      "saldo": 2
   },
   {
      "id": "6283867448495@s.whatsapp.net",
      "saldo": 1
   },
   {
      "id": "6289518303639@s.whatsapp.net",
      "saldo": 2
   },
   {
      "id": "6288293622523@s.whatsapp.net",
      "saldo": 1
   },
   {
      "id": "6288286716450@s.whatsapp.net",
      "saldo": 1
   },
   {
      "id": "6285123879786@s.whatsapp.net",
      "saldo": 6
   },
   {
      "id": "6283133111889@s.whatsapp.net",
      "saldo": 2
   },
   {
      "id": "6285796640135@s.whatsapp.net",
      "saldo": 1
   },
   {
      "id": "6285772132183@s.whatsapp.net",
      "saldo": 3
   },
   {
      "id": "6285893532744@s.whatsapp.net",
      "saldo": 1
   },
   {
      "id": "6285822524494@s.whatsapp.net",
      "saldo": 1
   },
   {
      "id": "6282115882141@s.whatsapp.net",
      "saldo": 4
   },
   {
      "id": "6281210169118@s.whatsapp.net",
      "saldo": 20
   },
   {
      "id": "6288215558228@s.whatsapp.net",
      "saldo": 3
   },
   {
      "id": "6283117119159@s.whatsapp.net",
      "saldo": 5
   },
   {
      "id": "6281456079286@s.whatsapp.net",
      "saldo": 5
   },
   {
      "id": "6287778421562@s.whatsapp.net",
      "saldo": 16
   },
   {
      "id": "6285835803441@s.whatsapp.net",
      "saldo": 1
   },
   {
      "id": "62856966150947@s.whatsapp.net",
      "saldo": 4
   },
   {
      "id": "6285658940935@s.whatsapp.net",
      "saldo": 11
   },
   {
      "id": "6287736311587@s.whatsapp.net",
      "saldo": 1
   },
   {
      "id": "6281374595978@s.whatsapp.net",
      "saldo": 5
   },
   {
      "id": "6287858976852@s.whatsapp.net",
      "saldo": 1
   },
   {
      "id": "6281943567230@s.whatsapp.net",
      "saldo": 1
   },
   {
      "id": "6287858125785@s.whatsapp.net",
      "saldo": 1
   },
   {
      "id": "6285713279720@s.whatsapp.net",
      "saldo": 1
   },
   {
      "id": "6281314634301@s.whatsapp.net",
      "saldo": 1
   },
   {
      "id": "6282162542031@s.whatsapp.net",
      "saldo": 1
   },
   {
      "id": "6283823097750@s.whatsapp.net",
      "saldo": 1
   },
   {
      "id": "6289675611919@s.whatsapp.net",
      "saldo": 1
   },
   {
      "id": "6283894827292@s.whatsapp.net",
      "saldo": 1
   },
   {
      "id": "628988685425@s.whatsapp.net",
      "saldo": 3
   },
   {
      "id": "120363322345605227@newsletter",
      "saldo": 1
   },
   {
      "id": "6282262299843@s.whatsapp.net",
      "saldo": 1
   },
   {
      "id": "6282267511268@s.whatsapp.net",
      "saldo": 3
   },
   {
      "id": "62882007832788@s.whatsapp.net",
      "saldo": 1
   },
   {
      "id": "6283891360767@s.whatsapp.net",
      "saldo": 1
   },
   {
      "id": "6281526036210@s.whatsapp.net",
      "saldo": 1
   },
   {
      "id": "628999499099@s.whatsapp.net",
      "saldo": 1
   },
   {
      "id": "62882005594721@s.whatsapp.net",
      "saldo": 1
   },
   {
      "id": "6282262811908@s.whatsapp.net",
      "saldo": 1
   },
   {
      "id": "6287712681192@s.whatsapp.net",
      "saldo": 1
   },
   {
      "id": "6282225856270@s.whatsapp.net",
      "saldo": 2
   },
   {
      "id": "62895416750802@s.whatsapp.net",
      "saldo": 1
   },
   {
      "id": "62882021988328@s.whatsapp.net",
      "saldo": 1
   },
   {
      "id": "6283852941712@s.whatsapp.net",
      "saldo": 3
   },
   {
      "id": "6282284777947@s.whatsapp.net",
      "saldo": 1
   },
   {
      "id": "6288224294905@s.whatsapp.net",
      "saldo": 14
   },
   {
      "id": "6285864779274@s.whatsapp.net",
      "saldo": 1
   },
   {
      "id": "62895406028983@s.whatsapp.net",
      "saldo": 8
   },
   {
      "id": "6285143922940@s.whatsapp.net",
      "saldo": 2
   },
   {
      "id": "62882008974342@s.whatsapp.net",
      "saldo": 2
   },
   {
      "id": "6283112907387@s.whatsapp.net",
      "saldo": 2
   },
   {
      "id": "6285213900046@s.whatsapp.net",
      "saldo": 1
   },
   {
      "id": "6283192081939@s.whatsapp.net",
      "saldo": 3
   },
   {
      "id": "6283896721573@s.whatsapp.net",
      "saldo": 16
   },
   {
      "id": "6285244327486@s.whatsapp.net",
      "saldo": 100
   },
   {
      "id": "6283142079232@s.whatsapp.net",
      "saldo": 7
   },
   {
      "id": "6283842130761@s.whatsapp.net",
      "saldo": 23
   },
   {
      "id": "6285713375680@s.whatsapp.net",
      "saldo": 44
   },
   {
      "id": "6285866693192@s.whatsapp.net",
      "saldo": 5
   },
   {
      "id": "6285835693782@s.whatsapp.net",
      "saldo": 5
   },
   {
      "id": "6283872096644@s.whatsapp.net",
      "saldo": 4
   },
   {
      "id": "6283136584331@s.whatsapp.net",
      "saldo": 8
   },
   {
      "id": "6285725028595@s.whatsapp.net",
      "saldo": 5
   },
   {
      "id": "6288215399329@s.whatsapp.net",
      "saldo": 1
   },
   {
      "id": "6288994128602@s.whatsapp.net",
      "saldo": 2
   },
   {
      "id": "6281299003688@s.whatsapp.net",
      "saldo": 1
   },
   {
      "id": "6283151117964@s.whatsapp.net",
      "saldo": 7
   },
   {
      "id": "6285962450937@s.whatsapp.net",
      "saldo": 2
   },
   {
      "id": "6282121191096@s.whatsapp.net",
      "saldo": 6
   },
   {
      "id": "6283870468141@s.whatsapp.net",
      "saldo": 35
   },
   {
      "id": "6285875296079@s.whatsapp.net",
      "saldo": 13
   },
   {
      "id": "6281229282984@s.whatsapp.net",
      "saldo": 1
   },
   {
      "id": "6282130348466@s.whatsapp.net",
      "saldo": 36
   },
   {
      "id": "6283157756373@s.whatsapp.net",
      "saldo": 50
   },
   {
      "id": "628978530826@s.whatsapp.net",
      "saldo": 3
   },
   {
      "id": "6283151572475@s.whatsapp.net",
      "saldo": 2
   },
   {
      "id": "6281230687512@s.whatsapp.net",
      "saldo": 14
   },
   {
      "id": "6283144258340@s.whatsapp.net",
      "saldo": 39
   },
   {
      "id": "6282275981504@s.whatsapp.net",
      "saldo": 4
   },
   {
      "id": "6285766445719@s.whatsapp.net",
      "saldo": 1
   },
   {
      "id": "6283150487178@s.whatsapp.net",
      "saldo": 1
   },
   {
      "id": "6285715657661@s.whatsapp.net",
      "saldo": 2
   },
   {
      "id": "6281459048714@s.whatsapp.net",
      "saldo": 5
   },
   {
      "id": "6283192722941@s.whatsapp.net",
      "saldo": 6
   },
   {
      "id": "6285935373645@s.whatsapp.net",
      "saldo": 3
   },
   {
      "id": "6282357214816@s.whatsapp.net",
      "saldo": 7
   },
   {
      "id": "6281216530625@s.whatsapp.net",
      "saldo": 2
   },
   {
      "id": "6281341483657@s.whatsapp.net",
      "saldo": 34
   },
   {
      "id": "6285760027420@s.whatsapp.net",
      "saldo": 1
   },
   {
      "id": "6285703750899@s.whatsapp.net",
      "saldo": 11
   },
   {
      "id": "6283132951850@s.whatsapp.net",
      "saldo": 1
   },
   {
      "id": "6282142700893@s.whatsapp.net",
      "saldo": 2
   },
   {
      "id": "6287859178176@s.whatsapp.net",
      "saldo": 1
   },
   {
      "id": "6282395479390@s.whatsapp.net",
      "saldo": 31
   },
   {
      "id": "6283812334325@s.whatsapp.net",
      "saldo": 2
   },
   {
      "id": "6287752722168@s.whatsapp.net",
      "saldo": 1
   },
   {
      "id": "6283116508507@s.whatsapp.net",
      "saldo": 33
   },
   {
      "id": "6283878680125@s.whatsapp.net",
      "saldo": 3
   },
   {
      "id": "6285841730387@s.whatsapp.net",
      "saldo": 3
   },
   {
      "id": "6289602296823@s.whatsapp.net",
      "saldo": 2
   },
   {
      "id": "6283102880738@s.whatsapp.net",
      "saldo": 1
   },
   {
      "id": "6282224450293@s.whatsapp.net",
      "saldo": 1
   },
   {
      "id": "628152131894@s.whatsapp.net",
      "saldo": 4
   },
   {
      "id": "6281255098994@s.whatsapp.net",
      "saldo": 5
   },
   {
      "id": "6283138155238@s.whatsapp.net",
      "saldo": 6
   },
   {
      "id": "6285771898256@s.whatsapp.net",
      "saldo": 13
   },
   {
      "id": "6282192077997@s.whatsapp.net",
      "saldo": 3
   },
   {
      "id": "6285256216479@s.whatsapp.net",
      "saldo": 9
   },
   {
      "id": "6283893973531@s.whatsapp.net",
      "saldo": 3
   },
   {
      "id": "6283178561500@s.whatsapp.net",
      "saldo": 1
   },
   {
      "id": "6289516238401@s.whatsapp.net",
      "saldo": 29
   },
   {
      "id": "6285603793387@s.whatsapp.net",
      "saldo": 36
   },
   {
      "id": "6283833736387@s.whatsapp.net",
      "saldo": 19
   },
   {
      "id": "6282287030501@s.whatsapp.net",
      "saldo": 4
   },
   {
      "id": "6285693607850@s.whatsapp.net",
      "saldo": 36
   },
   {
      "id": "628388585727@s.whatsapp.net",
      "saldo": 2
   },
   {
      "id": "6281243297899@s.whatsapp.net",
      "saldo": 2
   },
   {
      "id": "6283172576172@s.whatsapp.net",
      "saldo": 2
   },
   {
      "id": "62882019213797@s.whatsapp.net",
      "saldo": 7
   },
   {
      "id": "6289653291066@s.whatsapp.net",
      "saldo": 11
   },
   {
      "id": "6281396511728@s.whatsapp.net",
      "saldo": 2
   },
   {
      "id": "6282324083275@s.whatsapp.net",
      "saldo": 3
   },
   {
      "id": "6283172750435@s.whatsapp.net",
      "saldo": 1
   },
   {
      "id": "6281376539264@s.whatsapp.net",
      "saldo": 4
   },
   {
      "id": "6287875705773@s.whatsapp.net",
      "saldo": 1
   },
   {
      "id": "6285314107156@s.whatsapp.net",
      "saldo": 11
   },
   {
      "id": "6285753083793@s.whatsapp.net",
      "saldo": 1
   },
   {
      "id": "6288215654354@s.whatsapp.net",
      "saldo": 4
   },
   {
      "id": "6281563244186@s.whatsapp.net",
      "saldo": 3
   },
   {
      "id": "6287818385190@s.whatsapp.net",
      "saldo": 1
   },
   {
      "id": "6281902731211@s.whatsapp.net",
      "saldo": 3
   },
   {
      "id": "6283170802352@s.whatsapp.net",
      "saldo": 1
   },
   {
      "id": "6282217079379@s.whatsapp.net",
      "saldo": 1
   },
   {
      "id": "6282290247852@s.whatsapp.net",
      "saldo": 5
   },
   {
      "id": "6281246240916@s.whatsapp.net",
      "saldo": 2
   },
   {
      "id": "6285268151814@s.whatsapp.net",
      "saldo": 1
   },
   {
      "id": "6281913236922@s.whatsapp.net",
      "saldo": 1
   },
   {
      "id": "62882001163847@s.whatsapp.net",
      "saldo": 12
   },
   {
      "id": "6287810840466@s.whatsapp.net",
      "saldo": 1
   },
   {
      "id": "6281367640820@s.whatsapp.net",
      "saldo": 1
   },
   {
      "id": "62881012084924@s.whatsapp.net",
      "saldo": 1
   },
   {
      "id": "6288983107266@s.whatsapp.net",
      "saldo": 74
   },
   {
      "id": "6285728952690@s.whatsapp.net",
      "saldo": 6
   },
   {
      "id": "6283823507718@s.whatsapp.net",
      "saldo": 9
   },
   {
      "id": "6285774778704@s.whatsapp.net",
      "saldo": 72
   },
   {
      "id": "6282214949093@s.whatsapp.net",
      "saldo": 3
   },
   {
      "id": "6285647731643@s.whatsapp.net",
      "saldo": 3
   },
   {
      "id": "6282220237646@s.whatsapp.net",
      "saldo": 1
   },
   {
      "id": "6283895894307@s.whatsapp.net",
      "saldo": 8
   },
   {
      "id": "6287735376227@s.whatsapp.net",
      "saldo": 23
   },
   {
      "id": "62815332362653@s.whatsapp.net",
      "saldo": 2
   },
   {
      "id": "6285274215785@s.whatsapp.net",
      "saldo": 3
   },
   {
      "id": "6285165069565@s.whatsapp.net",
      "saldo": 6
   },
   {
      "id": "6282245366782@s.whatsapp.net",
      "saldo": 69
   },
   {
      "id": "6281717597807@s.whatsapp.net",
      "saldo": 81
   },
   {
      "id": "6283130560466@s.whatsapp.net",
      "saldo": 2
   },
   {
      "id": "6282263077149@s.whatsapp.net",
      "saldo": 4
   },
   {
      "id": "6285755484575@s.whatsapp.net",
      "saldo": 7
   },
   {
      "id": "6283139641726@s.whatsapp.net",
      "saldo": 12
   },
   {
      "id": "6283115879847@s.whatsapp.net",
      "saldo": 1
   },
   {
      "id": "6281340034195@s.whatsapp.net",
      "saldo": 1
   },
   {
      "id": "6285214055780@s.whatsapp.net",
      "saldo": 2
   },
   {
      "id": "6282199438719@s.whatsapp.net",
      "saldo": 14
   },
   {
      "id": "6288220230902@s.whatsapp.net",
      "saldo": 1
   },
   {
      "id": "62895359516727@s.whatsapp.net",
      "saldo": 4
   },
   {
      "id": "6285142372110@s.whatsapp.net",
      "saldo": 2
   },
   {
      "id": "6283142684102@s.whatsapp.net",
      "saldo": 5
   },
   {
      "id": "62895396333725@s.whatsapp.net",
      "saldo": 2
   },
   {
      "id": "6287730096713@s.whatsapp.net",
      "saldo": 16
   },
   {
      "id": "6287743201574@s.whatsapp.net",
      "saldo": 1
   },
   {
      "id": "6285217979302@s.whatsapp.net",
      "saldo": 4
   },
   {
      "id": "6283830002942@s.whatsapp.net",
      "saldo": 4
   },
   {
      "id": "6285708727030@s.whatsapp.net",
      "saldo": 3
   },
   {
      "id": "6283857822309@s.whatsapp.net",
      "saldo": 1
   },
   {
      "id": "6283850761380@s.whatsapp.net",
      "saldo": 1
   },
   {
      "id": "6287779713458@s.whatsapp.net",
      "saldo": 2
   },
   {
      "id": "6285788301192@s.whatsapp.net",
      "saldo": 1
   },
   {
      "id": "6281370024943@s.whatsapp.net",
      "saldo": 1
   },
   {
      "id": "6282118121165@s.whatsapp.net",
      "saldo": 1
   },
   {
      "id": "6285731786254@s.whatsapp.net",
      "saldo": 2
   },
   {
      "id": "6285797189028@s.whatsapp.net",
      "saldo": 1
   },
   {
      "id": "6282184598178@s.whatsapp.net",
      "saldo": 1
   },
   {
      "id": "6283867922335@s.whatsapp.net",
      "saldo": 6
   },
   {
      "id": "6285751850373@s.whatsapp.net",
      "saldo": 12
   },
   {
      "id": "6283147182856@s.whatsapp.net",
      "saldo": 1
   },
   {
      "id": "6285715735917@s.whatsapp.net",
      "saldo": 1
   },
   {
      "id": "62815332362651@s.whatsapp.net",
      "saldo": 2
   },
   {
      "id": "6283877834009@s.whatsapp.net",
      "saldo": 1
   },
   {
      "id": "6285250207907@s.whatsapp.net",
      "saldo": 4
   },
   {
      "id": "6281528473402@s.whatsapp.net",
      "saldo": 7
   },
   {
      "id": "6283129056609@s.whatsapp.net",
      "saldo": 3
   },
   {
      "id": "6281917027690@s.whatsapp.net",
      "saldo": 2
   },
   {
      "id": "6288801844948@s.whatsapp.net",
      "saldo": 7
   },
   {
      "id": "6288286936679@s.whatsapp.net",
      "saldo": 1
   },
   {
      "id": "62895342375703@s.whatsapp.net",
      "saldo": 1
   },
   {
      "id": "6282279194766@s.whatsapp.net",
      "saldo": 1
   },
   {
      "id": "62895400753652@s.whatsapp.net",
      "saldo": 1
   },
   {
      "id": "6285810634493@s.whatsapp.net",
      "saldo": 1
   },
   {
      "id": "6285646326138@s.whatsapp.net",
      "saldo": 1
   },
   {
      "id": "6282340033611@s.whatsapp.net",
      "saldo": 1
   },
   {
      "id": "6282346847900@s.whatsapp.net",
      "saldo": 1
   },
   {
      "id": "628989755349@s.whatsapp.net",
      "saldo": 1
   },
   {
      "id": "6283873945878@s.whatsapp.net",
      "saldo": 1
   },
   {
      "id": "6285607698807@s.whatsapp.net",
      "saldo": 1
   },
   {
      "id": "6289514595600@s.whatsapp.net",
      "saldo": 1
   },
   {
      "id": "6287817205186@s.whatsapp.net",
      "saldo": 1
   },
   {
      "id": "6281278640151@s.whatsapp.net",
      "saldo": 1
   },
   {
      "id": "6288268328947@s.whatsapp.net",
      "saldo": 1
   },
   {
      "id": "6283176201322@s.whatsapp.net",
      "saldo": 1
   },
   {
      "id": "6283863451727@s.whatsapp.net",
      "saldo": 2
   },
   {
      "id": "6285169960370@s.whatsapp.net",
      "saldo": 1
   },
   {
      "id": "6285342048034@s.whatsapp.net",
      "saldo": 1
   },
   {
      "id": "62882019904128@s.whatsapp.net",
      "saldo": 36
   },
   {
      "id": "6285191988210@s.whatsapp.net",
      "saldo": 1
   },
   {
      "id": "6283899608216@s.whatsapp.net",
      "saldo": 1
   },
   {
      "id": "6285757426300@s.whatsapp.net",
      "saldo": 1
   },
   {
      "id": "6282218028092@s.whatsapp.net",
      "saldo": 1
   },
   {
      "id": "6289630554960@s.whatsapp.net",
      "saldo": 1
   },
   {
      "id": "6285713641464@s.whatsapp.net",
      "saldo": 1
   },
   {
      "id": "6281515519535@s.whatsapp.net",
      "saldo": 1
   },
   {
      "id": "6282221383534@s.whatsapp.net",
      "saldo": 1
   },
   {
      "id": "6283142617710@s.whatsapp.net",
      "saldo": 4
   },
   {
      "id": "62895320041136@s.whatsapp.net",
      "saldo": 1
   },
   {
      "id": "6283872740307@s.whatsapp.net",
      "saldo": 1
   },
   {
      "id": "6285253891783@s.whatsapp.net",
      "saldo": 1
   },
   {
      "id": "6285753120275@s.whatsapp.net",
      "saldo": 1
   },
   {
      "id": "6285609065748@s.whatsapp.net",
      "saldo": 1
   },
   {
      "id": "6285242827655@s.whatsapp.net",
      "saldo": 1
   },
   {
      "id": "6281527569964@s.whatsapp.net",
      "saldo": 1
   },
   {
      "id": "6285212158371@s.whatsapp.net",
      "saldo": 1
   },
   {
      "id": "6285656430010@s.whatsapp.net",
      "saldo": 1
   },
   {
      "id": "6281319411459@s.whatsapp.net",
      "saldo": 1
   },
   {
      "id": "6283844535753@s.whatsapp.net",
      "saldo": 1
   },
   {
      "id": "6287840882097@s.whatsapp.net",
      "saldo": 5
   },
   {
      "id": "6281318926523@s.whatsapp.net",
      "saldo": 2
   },
   {
      "id": "6289529882615@s.whatsapp.net",
      "saldo": 2
   },
   {
      "id": "6281913956711@s.whatsapp.net",
      "saldo": 9
   },
   {
      "id": "62882017910045@s.whatsapp.net",
      "saldo": 1
   },
   {
      "id": "6285338674088@s.whatsapp.net",
      "saldo": 4
   },
   {
      "id": "6285820197157@s.whatsapp.net",
      "saldo": 5
   },
   {
      "id": "6282170426053@s.whatsapp.net",
      "saldo": 1
   },
   {
      "id": "6285692007361@s.whatsapp.net",
      "saldo": 1
   },
   {
      "id": "6285280372869@s.whatsapp.net",
      "saldo": 1
   },
   {
      "id": "6283890252775@s.whatsapp.net",
      "saldo": 1
   },
   {
      "id": "6281573443043@s.whatsapp.net",
      "saldo": 2
   },
   {
      "id": "6285888605740@s.whatsapp.net",
      "saldo": 1
   },
   {
      "id": "6282114238431@s.whatsapp.net",
      "saldo": 1
   },
   {
      "id": "6285267872739@s.whatsapp.net",
      "saldo": 3
   },
   {
      "id": "67075480819@s.whatsapp.net",
      "saldo": 2
   },
   {
      "id": "6283872786017@s.whatsapp.net",
      "saldo": 1
   },
   {
      "id": "6283824585464@s.whatsapp.net",
      "saldo": 2
   },
   {
      "id": "6285809716700@s.whatsapp.net",
      "saldo": 1
   }
]